-0.00011388,4.288e-06,9.9006e-05,-9.7078e-05,-3.1247e-05,-7.9426e-05
-0.00011388,4.288e-06,9.9006e-05,-9.7078e-05,-3.1247e-05,-7.9426e-05
-0.00038749,4.9749e-05,0.00032688,-0.00032232,-7.6704e-05,-0.0003073
-0.001203,0.00018525,0.001006,-0.00099364,-0.00021219,-0.00098648
-0.0025523,0.00040944,0.0021298,-0.0021044,-0.00043636,-0.0021103
-0.0044275,0.00072101,0.0036915,-0.0036481,-0.0007479,-0.003672
-0.0068206,0.0011186,0.0056845,-0.0056181,-0.0011455,-0.005665
-0.0097234,0.0016009,0.008102,-0.0080077,-0.0016277,-0.0080825
-0.013128,0.0021666,0.010937,-0.01081,-0.0021934,-0.010918
-0.017026,0.0028143,0.014184,-0.014019,-0.002841,-0.014165
-0.02141,0.0035427,0.017835,-0.017628,-0.0035694,-0.017816
-0.026272,0.0043505,0.021884,-0.021631,-0.0043771,-0.021865
-0.031604,0.0052364,0.026324,-0.02602,-0.0052628,-0.026305
-0.037397,0.0061989,0.031149,-0.030789,-0.0062253,-0.03113
-0.043644,0.0072368,0.036352,-0.035931,-0.0072631,-0.036332
-0.050336,0.0083488,0.041925,-0.04144,-0.0083749,-0.041906
-0.057466,0.0095334,0.047863,-0.04731,-0.0095595,-0.047844
-0.065026,0.010789,0.054159,-0.053533,-0.010815,-0.05414
-0.073007,0.012116,0.060806,-0.060103,-0.012141,-0.060787
-0.081401,0.01351,0.067797,-0.067014,-0.013536,-0.067779
-0.090202,0.014973,0.075126,-0.074258,-0.014998,-0.075108
-0.099399,0.016501,0.082786,-0.08183,-0.016526,-0.082768
-0.10899,0.018094,0.090771,-0.089722,-0.018119,-0.090753
-0.11896,0.01975,0.099073,-0.097928,-0.019775,-0.099055
-0.1293,0.021468,0.10769,-0.10644,-0.021493,-0.10767
-0.14,0.023247,0.1166,-0.11526,-0.023272,-0.11659
-0.15107,0.025086,0.12582,-0.12436,-0.02511,-0.1258
-0.16248,0.026982,0.13532,-0.13376,-0.027007,-0.13531
-0.17424,0.028936,0.14512,-0.14344,-0.02896,-0.1451
-0.18633,0.030944,0.15518,-0.15339,-0.030968,-0.15517
-0.19874,0.033007,0.16552,-0.16361,-0.033031,-0.1655
-0.21147,0.035122,0.17613,-0.17409,-0.035146,-0.17611
-0.22452,0.037289,0.18699,-0.18483,-0.037312,-0.18697
-0.23786,0.039506,0.1981,-0.19581,-0.039529,-0.19808
-0.25149,0.041771,0.20945,-0.20703,-0.041794,-0.20944
-0.26541,0.044084,0.22105,-0.21849,-0.044107,-0.22103
-0.27961,0.046443,0.23287,-0.23018,-0.046466,-0.23285
-0.29408,0.048847,0.24492,-0.24209,-0.048869,-0.2449
-0.30881,0.051294,0.25719,-0.25421,-0.051316,-0.25717
-0.32379,0.053783,0.26966,-0.26655,-0.053805,-0.26965
-0.33901,0.056313,0.28234,-0.27908,-0.056335,-0.28233
-0.35448,0.058882,0.29522,-0.29181,-0.058904,-0.29521
-0.37017,0.061489,0.30829,-0.30473,-0.061511,-0.30827
-0.38608,0.064133,0.32154,-0.31783,-0.064154,-0.32153
-0.40221,0.066813,0.33497,-0.3311,-0.066834,-0.33496
-0.41854,0.069526,0.34857,-0.34455,-0.069547,-0.34856
-0.43507,0.072273,0.36234,-0.35815,-0.072293,-0.36232
-0.45179,0.07505,0.37626,-0.37192,-0.07507,-0.37625
-0.46868,0.077858,0.39034,-0.38583,-0.077877,-0.39032
-0.48575,0.080694,0.40455,-0.39988,-0.080714,-0.40454
-0.50299,0.083558,0.41891,-0.41407,-0.083577,-0.41889
-0.52038,0.086448,0.43339,-0.42839,-0.086467,-0.43338
-0.53793,0.089362,0.448,-0.44283,-0.089381,-0.44799
-0.55561,0.0923,0.46273,-0.45738,-0.092319,-0.46271
-0.57342,0.09526,0.47756,-0.47205,-0.095278,-0.47755
-0.59136,0.098241,0.49251,-0.48682,-0.098259,-0.49249
-0.60942,0.10124,0.50754,-0.50168,-0.10126,-0.50753
-0.62759,0.10426,0.52267,-0.51664,-0.10428,-0.52266
-0.64585,0.10729,0.53789,-0.53167,-0.10731,-0.53787
-0.66421,0.11034,0.55317,-0.54679,-0.11036,-0.55316
-0.68265,0.11341,0.56854,-0.56197,-0.11343,-0.56852
-0.70117,0.11649,0.58396,-0.57721,-0.1165,-0.58395
-0.71976,0.11958,0.59944,-0.59252,-0.11959,-0.59943
-0.73841,0.12267,0.61497,-0.60787,-0.12269,-0.61496
-0.75712,0.12578,0.63055,-0.62327,-0.1258,-0.63054
-0.77586,0.1289,0.64616,-0.6387,-0.12891,-0.64615
-0.79465,0.13202,0.6618,-0.65416,-0.13203,-0.66179
-0.81346,0.13514,0.67747,-0.66965,-0.13516,-0.67746
-0.83229,0.13827,0.69315,-0.68515,-0.13829,-0.69314
-0.85113,0.1414,0.70885,-0.70066,-0.14142,-0.70884
-0.86998,0.14453,0.72455,-0.71618,-0.14455,-0.72454
-0.88883,0.14767,0.74024,-0.73169,-0.14768,-0.74023
-0.90766,0.15079,0.75593,-0.7472,-0.15081,-0.75592
-0.92648,0.15392,0.7716,-0.76268,-0.15393,-0.77159
-0.94526,0.15704,0.78724,-0.77815,-0.15705,-0.78723
-0.96402,0.16016,0.80286,-0.79359,-0.16017,-0.80285
-0.98272,0.16327,0.81844,-0.80899,-0.16328,-0.81843
-1.0014,0.16637,0.83398,-0.82434,-0.16638,-0.83397
-1.02,0.16946,0.84946,-0.83965,-0.16947,-0.84946
-1.0385,0.17253,0.86489,-0.85491,-0.17254,-0.86489
-1.057,0.1756,0.88026,-0.8701,-0.17561,-0.88026
-1.0753,0.17865,0.89556,-0.88522,-0.17866,-0.89555
-1.0936,0.18169,0.91078,-0.90026,-0.1817,-0.91078
-1.1118,0.18471,0.92592,-0.91523,-0.18472,-0.92591
-1.1298,0.18771,0.94097,-0.9301,-0.18772,-0.94096
-1.1478,0.19069,0.95592,-0.94488,-0.1907,-0.95591
-1.1656,0.19366,0.97077,-0.95956,-0.19367,-0.97076
-1.1833,0.1966,0.98551,-0.97413,-0.19661,-0.9855
-1.2009,0.19951,1.0001,-0.98858,-0.19952,-1.0001
-1.2183,0.20241,1.0146,-1.0029,-0.20242,-1.0146
-1.2356,0.20527,1.029,-1.0171,-0.20528,-1.029
-1.2526,0.20811,1.0432,-1.0312,-0.20812,-1.0432
-1.2696,0.21092,1.0573,-1.0451,-0.21093,-1.0573
-1.2863,0.21371,1.0713,-1.0589,-0.21371,-1.0713
-1.3028,0.21646,1.085,-1.0725,-0.21646,-1.085
-1.3192,0.21917,1.0987,-1.086,-0.21918,-1.0987
-1.3354,0.22186,1.1121,-1.0993,-0.22186,-1.1121
-1.3513,0.2245,1.1254,-1.1124,-0.22451,-1.1254
-1.367,0.22712,1.1385,-1.1253,-0.22712,-1.1385
-1.3825,0.22969,1.1514,-1.1381,-0.22969,-1.1514
-1.3977,0.23222,1.1641,-1.1506,-0.23223,-1.1641
-1.4128,0.23472,1.1766,-1.163,-0.23472,-1.1766
-1.4275,0.23717,1.1889,-1.1751,-0.23717,-1.1889
-1.442,0.23958,1.2009,-1.1871,-0.23958,-1.2009
-1.4562,0.24194,1.2128,-1.1988,-0.24195,-1.2128
-1.4702,0.24426,1.2244,-1.2103,-0.24426,-1.2244
-1.4839,0.24653,1.2358,-1.2215,-0.24653,-1.2358
-1.4972,0.24875,1.2469,-1.2325,-0.24876,-1.2469
-1.5103,0.25093,1.2578,-1.2433,-0.25093,-1.2578
-1.5231,0.25305,1.2685,-1.2538,-0.25305,-1.2685
-1.5355,0.25512,1.2788,-1.2641,-0.25512,-1.2788
-1.5477,0.25713,1.2889,-1.274,-0.25713,-1.2889
-1.5594,0.25909,1.2987,-1.2837,-0.25909,-1.2987
-1.5709,0.26099,1.3083,-1.2932,-0.26099,-1.3083
-1.582,0.26284,1.3175,-1.3023,-0.26284,-1.3175
-1.5927,0.26462,1.3265,-1.3112,-0.26463,-1.3265
-1.6031,0.26635,1.3351,-1.3197,-0.26635,-1.3351
-1.6131,0.26801,1.3435,-1.328,-0.26801,-1.3435
-1.6228,0.26961,1.3515,-1.3359,-0.26961,-1.3515
-1.632,0.27115,1.3592,-1.3435,-0.27115,-1.3592
-1.6409,0.27262,1.3666,-1.3508,-0.27262,-1.3666
-1.6493,0.27402,1.3736,-1.3577,-0.27402,-1.3736
-1.6573,0.27535,1.3803,-1.3643,-0.27535,-1.3803
-1.6649,0.27662,1.3866,-1.3706,-0.27662,-1.3866
-1.6721,0.27781,1.3926,-1.3765,-0.27781,-1.3926
-1.6789,0.27893,1.3982,-1.382,-0.27893,-1.3982
-1.6852,0.27998,1.4034,-1.3872,-0.27998,-1.4034
-1.691,0.28095,1.4083,-1.392,-0.28095,-1.4083
-1.6964,0.28184,1.4128,-1.3965,-0.28184,-1.4128
-1.7013,0.28266,1.4169,-1.4005,-0.28266,-1.4169
-1.7057,0.2834,1.4206,-1.4042,-0.2834,-1.4206
-1.7097,0.28405,1.4239,-1.4074,-0.28405,-1.4239
-1.7131,0.28463,1.4268,-1.4103,-0.28463,-1.4268
-1.7161,0.28512,1.4292,-1.4127,-0.28512,-1.4292
-1.7186,0.28553,1.4313,-1.4147,-0.28553,-1.4313
-1.7205,0.28585,1.4329,-1.4163,-0.28585,-1.4329
-1.7219,0.28608,1.434,-1.4175,-0.28608,-1.434
-1.7228,0.28623,1.4348,-1.4182,-0.28623,-1.4348
-1.7231,0.28628,1.4351,-1.4185,-0.28628,-1.4351
-1.7231,0.28628,1.4351,-1.4185,-0.28628,-1.4351
-1.7224,0.28812,1.4331,-1.4182,-0.28421,-1.4359
-1.7203,0.29333,1.4274,-1.4173,-0.27833,-1.4383
-1.7171,0.30149,1.4186,-1.416,-0.26913,-1.4421
-1.7128,0.31216,1.4071,-1.4143,-0.2571,-1.4471
-1.7078,0.3249,1.3933,-1.4122,-0.24273,-1.453
-1.7021,0.33928,1.3778,-1.4098,-0.22651,-1.4597
-1.6959,0.35486,1.3609,-1.4073,-0.20894,-1.4669
-1.6894,0.37121,1.3432,-1.4047,-0.1905,-1.4745
-1.6828,0.38789,1.3252,-1.4019,-0.17169,-1.4822
-1.6762,0.40447,1.3073,-1.3992,-0.15299,-1.4899
-1.6698,0.42051,1.29,-1.3966,-0.13491,-1.4974
-1.6638,0.43557,1.2737,-1.3942,-0.11792,-1.5044
-1.6584,0.44922,1.2589,-1.392,-0.10252,-1.5107
-1.6537,0.46103,1.2462,-1.39,-0.089205,-1.5162
-1.6499,0.47056,1.2359,-1.3885,-0.078462,-1.5206
-1.6472,0.47737,1.2285,-1.3874,-0.070782,-1.5238
-1.6458,0.48102,1.2245,-1.3868,-0.066657,-1.5255
-1.6458,0.48102,1.2245,-1.3868,-0.066657,-1.5255
-1.6461,0.4799,1.2254,-1.3871,-0.067775,-1.5247
-1.6469,0.47664,1.2277,-1.3879,-0.071039,-1.5223
-1.6483,0.47137,1.2315,-1.3893,-0.076308,-1.5185
-1.6502,0.46423,1.2367,-1.3912,-0.083446,-1.5133
-1.6525,0.45536,1.2432,-1.3935,-0.092314,-1.5069
-1.6553,0.4449,1.2508,-1.3963,-0.10277,-1.4993
-1.6584,0.43299,1.2594,-1.3994,-0.11469,-1.4906
-1.6619,0.41976,1.269,-1.4029,-0.12791,-1.481
-1.6657,0.40535,1.2795,-1.4067,-0.14232,-1.4705
-1.6697,0.3899,1.2907,-1.4108,-0.15776,-1.4593
-1.674,0.37356,1.3025,-1.4151,-0.17411,-1.4474
-1.6785,0.35645,1.315,-1.4196,-0.19121,-1.435
-1.6832,0.33872,1.3278,-1.4242,-0.20894,-1.4221
-1.688,0.3205,1.3411,-1.429,-0.22715,-1.4089
-1.6929,0.30194,1.3545,-1.4339,-0.24572,-1.3954
-1.6978,0.28316,1.3682,-1.4389,-0.26449,-1.3817
-1.7028,0.26432,1.3818,-1.4438,-0.28333,-1.368
-1.7077,0.24554,1.3955,-1.4488,-0.3021,-1.3544
-1.7126,0.22697,1.409,-1.4537,-0.32067,-1.3409
-1.7174,0.20875,1.4222,-1.4585,-0.33889,-1.3277
-1.722,0.191,1.4351,-1.4631,-0.35663,-1.3148
-1.7265,0.17388,1.4475,-1.4676,-0.37375,-1.3023
-1.7309,0.15752,1.4594,-1.472,-0.39011,-1.2904
-1.7349,0.14205,1.4706,-1.476,-0.40557,-1.2792
-1.7387,0.12763,1.4811,-1.4798,-0.42,-1.2687
-1.7422,0.11437,1.4907,-1.4833,-0.43325,-1.2591
-1.7453,0.10243,1.4994,-1.4865,-0.44519,-1.2504
-1.7481,0.091936,1.507,-1.4892,-0.45568,-1.2428
-1.7504,0.083034,1.5134,-1.4916,-0.46458,-1.2363
-1.7523,0.075858,1.5186,-1.4935,-0.47176,-1.2311
-1.7537,0.070549,1.5225,-1.4949,-0.47707,-1.2272
-1.7546,0.067243,1.5249,-1.4957,-0.48037,-1.2248
-1.7549,0.06608,1.5257,-1.496,-0.48153,-1.224
-1.7549,0.06608,1.5257,-1.496,-0.48153,-1.224
-1.7546,0.06607,1.5255,-1.4958,-0.48146,-1.2238
-1.7538,0.06604,1.5248,-1.4951,-0.48124,-1.2232
-1.7525,0.06599,1.5237,-1.494,-0.48088,-1.2223
-1.7507,0.065921,1.5221,-1.4924,-0.48037,-1.221
-1.7483,0.065832,1.52,-1.4904,-0.47973,-1.2194
-1.7455,0.065725,1.5175,-1.488,-0.47894,-1.2174
-1.7421,0.065599,1.5146,-1.4851,-0.47803,-1.2151
-1.7383,0.065454,1.5113,-1.4819,-0.47697,-1.2124
-1.734,0.065292,1.5075,-1.4782,-0.47579,-1.2094
-1.7292,0.065112,1.5034,-1.4741,-0.47448,-1.2061
-1.724,0.064915,1.4988,-1.4696,-0.47304,-1.2024
-1.7183,0.0647,1.4939,-1.4648,-0.47148,-1.1984
-1.7121,0.064469,1.4885,-1.4595,-0.46979,-1.1941
-1.7055,0.064221,1.4828,-1.4539,-0.46799,-1.1896
-1.6985,0.063957,1.4767,-1.448,-0.46606,-1.1847
-1.6911,0.063677,1.4702,-1.4416,-0.46402,-1.1795
-1.6832,0.063381,1.4634,-1.4349,-0.46186,-1.174
-1.675,0.06307,1.4562,-1.4279,-0.4596,-1.1682
-1.6663,0.062743,1.4487,-1.4205,-0.45722,-1.1622
-1.6572,0.062402,1.4408,-1.4128,-0.45473,-1.1559
-1.6478,0.062047,1.4326,-1.4047,-0.45214,-1.1493
-1.638,0.061677,1.4241,-1.3963,-0.44945,-1.1424
-1.6278,0.061293,1.4152,-1.3877,-0.44665,-1.1353
-1.6172,0.060896,1.406,-1.3787,-0.44376,-1.128
-1.6063,0.060485,1.3966,-1.3694,-0.44076,-1.1204
-1.5951,0.060062,1.3868,-1.3598,-0.43768,-1.1125
-1.5835,0.059625,1.3767,-1.3499,-0.43449,-1.1044
-1.5715,0.059176,1.3663,-1.3397,-0.43122,-1.0961
-1.5593,0.058715,1.3557,-1.3293,-0.42786,-1.0876
-1.5467,0.058242,1.3448,-1.3186,-0.42442,-1.0788
-1.5339,0.057757,1.3336,-1.3076,-0.42088,-1.0698
-1.5207,0.057261,1.3221,-1.2964,-0.41727,-1.0606
-1.5072,0.056754,1.3104,-1.2849,-0.41358,-1.0512
-1.4935,0.056237,1.2985,-1.2732,-0.4098,-1.0417
-1.4795,0.055709,1.2863,-1.2612,-0.40596,-1.0319
-1.4652,0.05517,1.2738,-1.249,-0.40203,-1.0219
-1.4506,0.054622,1.2612,-1.2366,-0.39804,-1.0118
-1.4358,0.054065,1.2483,-1.224,-0.39398,-1.0014
-1.4207,0.053498,1.2352,-1.2112,-0.38984,-0.99093
-1.4055,0.052922,1.2219,-1.1981,-0.38565,-0.98026
-1.3899,0.052337,1.2084,-1.1849,-0.38139,-0.96943
-1.3742,0.051744,1.1947,-1.1715,-0.37707,-0.95845
-1.3582,0.051143,1.1809,-1.1579,-0.37269,-0.94732
-1.342,0.050534,1.1668,-1.1441,-0.36825,-0.93604
-1.3257,0.049918,1.1526,-1.1301,-0.36376,-0.92462
-1.3091,0.049294,1.1382,-1.116,-0.35921,-0.91307
-1.2924,0.048664,1.1236,-1.1017,-0.35462,-0.90139
-1.2754,0.048027,1.1089,-1.0873,-0.34998,-0.88959
-1.2584,0.047383,1.094,-1.0727,-0.34529,-0.87767
-1.2411,0.046733,1.079,-1.058,-0.34055,-0.86563
-1.2237,0.046078,1.0639,-1.0432,-0.33578,-0.85349
-1.2061,0.045417,1.0486,-1.0282,-0.33096,-0.84125
-1.1885,0.044751,1.0333,-1.0131,-0.32611,-0.82891
-1.1706,0.04408,1.0178,-0.99796,-0.32122,-0.81649
-1.1527,0.043405,1.0022,-0.98266,-0.31629,-0.80397
-1.1346,0.042725,0.98648,-0.96727,-0.31134,-0.79138
-1.1165,0.042041,0.97069,-0.95178,-0.30636,-0.77871
-1.0982,0.041353,0.95481,-0.93622,-0.30134,-0.76597
-1.0799,0.040662,0.93885,-0.92057,-0.29631,-0.75317
-1.0614,0.039968,0.92283,-0.90485,-0.29125,-0.74031
-1.0429,0.039271,0.90673,-0.88907,-0.28617,-0.7274
-1.0243,0.038571,0.89057,-0.87323,-0.28107,-0.71444
-1.0057,0.037869,0.87437,-0.85734,-0.27596,-0.70144
-0.987,0.037165,0.85811,-0.8414,-0.27083,-0.6884
-0.96826,0.036459,0.84182,-0.82543,-0.26568,-0.67533
-0.94948,0.035752,0.8255,-0.80942,-0.26053,-0.66223
-0.93068,0.035044,0.80915,-0.79339,-0.25537,-0.64912
-0.91185,0.034335,0.79278,-0.77734,-0.25021,-0.63599
-0.893,0.033626,0.77639,-0.76127,-0.24504,-0.62284
-0.87416,0.032916,0.76001,-0.74521,-0.23986,-0.6097
-0.85531,0.032206,0.74362,-0.72914,-0.23469,-0.59655
-0.83647,0.031497,0.72724,-0.71308,-0.22952,-0.58341
-0.81765,0.030788,0.71088,-0.69703,-0.22436,-0.57028
-0.79885,0.03008,0.69454,-0.68101,-0.2192,-0.55717
-0.78009,0.029374,0.67822,-0.66501,-0.21405,-0.54409
-0.76136,0.028669,0.66194,-0.64905,-0.20891,-0.53103
-0.74269,0.027966,0.6457,-0.63313,-0.20379,-0.518
-0.72406,0.027264,0.62951,-0.61725,-0.19868,-0.50501
-0.70551,0.026566,0.61338,-0.60143,-0.19359,-0.49207
-0.68702,0.025869,0.59731,-0.58567,-0.18851,-0.47917
-0.66861,0.025176,0.5813,-0.56998,-0.18346,-0.46633
-0.65029,0.024486,0.56537,-0.55436,-0.17843,-0.45356
-0.63206,0.0238,0.54952,-0.53882,-0.17343,-0.44084
-0.61393,0.023117,0.53376,-0.52337,-0.16846,-0.4282
-0.59592,0.022439,0.5181,-0.50801,-0.16352,-0.41563
-0.57802,0.021765,0.50254,-0.49275,-0.1586,-0.40315
-0.56024,0.021096,0.48708,-0.4776,-0.15373,-0.39075
-0.5426,0.020431,0.47175,-0.46256,-0.14889,-0.37845
-0.5251,0.019772,0.45653,-0.44764,-0.14408,-0.36624
-0.50775,0.019119,0.44144,-0.43285,-0.13932,-0.35414
-0.49055,0.018472,0.42649,-0.41819,-0.1346,-0.34214
-0.47352,0.01783,0.41168,-0.40367,-0.12993,-0.33026
-0.45666,0.017195,0.39702,-0.38929,-0.1253,-0.3185
-0.43997,0.016567,0.38252,-0.37507,-0.12073,-0.30687
-0.42348,0.015946,0.36818,-0.36101,-0.1162,-0.29536
-0.40718,0.015332,0.35401,-0.34711,-0.11173,-0.28399
-0.39108,0.014726,0.34001,-0.33339,-0.10731,-0.27277
-0.37519,0.014128,0.3262,-0.31985,-0.10295,-0.26168
-0.35952,0.013538,0.31257,-0.30649,-0.09865,-0.25075
-0.34408,0.012956,0.29915,-0.29332,-0.094412,-0.23998
-0.32886,0.012383,0.28592,-0.28035,-0.090238,-0.22937
-0.31389,0.01182,0.27291,-0.26759,-0.086131,-0.21893
-0.29917,0.011265,0.26011,-0.25504,-0.082091,-0.20866
-0.28471,0.010721,0.24753,-0.24271,-0.078122,-0.19857
-0.27051,0.010186,0.23518,-0.2306,-0.074225,-0.18867
-0.25658,0.0096614,0.22307,-0.21873,-0.070403,-0.17896
-0.24293,0.0091474,0.21121,-0.20709,-0.066658,-0.16944
-0.22957,0.0086443,0.19959,-0.1957,-0.062992,-0.16012
-0.2165,0.0081523,0.18823,-0.18456,-0.059406,-0.151
-0.20374,0.0076716,0.17713,-0.17368,-0.055904,-0.1421
-0.19128,0.0072027,0.16631,-0.16307,-0.052487,-0.13341
-0.17915,0.0067458,0.15576,-0.15272,-0.049157,-0.12495
-0.16734,0.0063012,0.14549,-0.14266,-0.045917,-0.11672
-0.15587,0.0058691,0.13551,-0.13287,-0.042769,-0.10871
-0.14473,0.0054499,0.12583,-0.12338,-0.039714,-0.10095
-0.13395,0.0050438,0.11646,-0.11419,-0.036755,-0.093426
-0.12352,0.0046512,0.10739,-0.1053,-0.033894,-0.086153
-0.11346,0.0042723,0.098645,-0.096723,-0.031133,-0.079135
-0.10377,0.0039075,0.09022,-0.088463,-0.028474,-0.072377
-0.094462,0.0035569,0.082127,-0.080527,-0.02592,-0.065884
-0.08554,0.003221,0.07437,-0.072922,-0.023472,-0.059662
-0.077015,0.0029,0.066958,-0.065654,-0.021132,-0.053716
-0.068893,0.0025941,0.059897,-0.05873,-0.018904,-0.048051
-0.061182,0.0023038,0.053192,-0.052157,-0.016788,-0.042672
-0.05389,0.0020292,0.046853,-0.04594,-0.014787,-0.037586
-0.047024,0.0017707,0.040884,-0.040087,-0.012903,-0.032798
-0.040593,0.0015285,0.035292,-0.034605,-0.011138,-0.028312
-0.034604,0.001303,0.030085,-0.029499,-0.0094951,-0.024135
-0.029065,0.0010944,0.025269,-0.024777,-0.0079752,-0.020272
-0.023983,0.00090308,0.020851,-0.020445,-0.0065808,-0.016727
-0.019367,0.00072925,0.016838,-0.01651,-0.0053141,-0.013508
-0.015223,0.00057323,0.013235,-0.012978,-0.0041772,-0.010618
-0.011561,0.00043532,0.010051,-0.0098554,-0.0031722,-0.0080633
-0.0083866,0.0003158,0.0072915,-0.0071495,-0.0023012,-0.0058494
-0.0057087,0.00021496,0.0049633,-0.0048666,-0.0015664,-0.0039817
-0.0035347,0.0001331,0.0030732,-0.0030133,-0.00096991,-0.0024654
-0.0018725,7.0507e-05,0.001628,-0.0015963,-0.00051379,-0.001306
-0.0007296,2.7473e-05,0.00063433,-0.00062197,-0.0002002,-0.00050887
-0.00011388,4.288e-06,9.9006e-05,-9.7078e-05,-3.1247e-05,-7.9426e-05
